[{"model": "contenttypes.contenttype", "pk": 1, "fields": {"app_label": "admin", "model": "logentry"}}, {"model": "contenttypes.contenttype", "pk": 2, "fields": {"app_label": "auth", "model": "permission"}}, {"model": "contenttypes.contenttype", "pk": 3, "fields": {"app_label": "auth", "model": "group"}}, {"model": "contenttypes.contenttype", "pk": 4, "fields": {"app_label": "auth", "model": "user"}}, {"model": "contenttypes.contenttype", "pk": 5, "fields": {"app_label": "contenttypes", "model": "contenttype"}}, {"model": "contenttypes.contenttype", "pk": 6, "fields": {"app_label": "sessions", "model": "session"}}, {"model": "contenttypes.contenttype", "pk": 7, "fields": {"app_label": "station", "model": "station"}}, {"model": "contenttypes.contenttype", "pk": 8, "fields": {"app_label": "genre", "model": "genre"}}, {"model": "contenttypes.contenttype", "pk": 9, "fields": {"app_label": "artiste", "model": "artiste"}}, {"model": "contenttypes.contenttype", "pk": 10, "fields": {"app_label": "mixtapeUser", "model": "mixtapeuser"}}, {"model": "contenttypes.contenttype", "pk": 11, "fields": {"app_label": "taste", "model": "taste"}}, {"model": "sessions.session", "pk": "mupq11ivr70chcl6ggfprgrlm8k0m45u", "fields": {"session_data": "ZWNhMTllYmUyMDJjMzM5MDEyMTQ3NmMzMDQyNzI0MzZiYjI2MGZjMDp7Il9hdXRoX3VzZXJfaWQiOiIxIiwiX2F1dGhfdXNlcl9iYWNrZW5kIjoiZGphbmdvLmNvbnRyaWIuYXV0aC5iYWNrZW5kcy5Nb2RlbEJhY2tlbmQiLCJfYXV0aF91c2VyX2hhc2giOiJlMDIyZTNhZTkwZjY1YzkyODBmNTdlMjM0Zjk4ODJjNDQ0OWQxMzAwIn0=", "expire_date": "2017-05-01T18:22:03.721Z"}}, {"model": "station.station", "pk": 1, "fields": {"nom": "NULL", "latitude": 1, "longitude": 1}}, {"model": "station.station", "pk": 2, "fields": {"nom": "test_set_station", "latitude": 1, "longitude": 1}}, {"model": "station.station", "pk": 3, "fields": {"nom": "test_set_station", "latitude": 1, "longitude": 1}}, {"model": "station.station", "pk": 4, "fields": {"nom": "test_set_station2", "latitude": 1, "longitude": 1}}, {"model": "genre.genre", "pk": 1, "fields": {"nom": "g1"}}, {"model": "genre.genre", "pk": 2, "fields": {"nom": "g2"}}, {"model": "genre.genre", "pk": 3, "fields": {"nom": "g3"}}, {"model": "genre.genre", "pk": 4, "fields": {"nom": "g4"}}, {"model": "genre.genre", "pk": 5, "fields": {"nom": "g5"}}, {"model": "genre.genre", "pk": 6, "fields": {"nom": "NULL"}}, {"model": "artiste.artiste", "pk": 1, "fields": {"nom": "aa", "genre": 1}}, {"model": "artiste.artiste", "pk": 2, "fields": {"nom": "bb", "genre": 2}}, {"model": "artiste.artiste", "pk": 3, "fields": {"nom": "cc", "genre": 3}}, {"model": "artiste.artiste", "pk": 4, "fields": {"nom": "NULL", "genre": 6}}, {"model": "mixtapeUser.mixtapeuser", "pk": 1, "fields": {"fname": "FN", "lname": "LN", "age": 21, "station": 1, "latitude": 1, "longitude": 1}}, {"model": "mixtapeUser.mixtapeuser", "pk": 2, "fields": {"fname": "FN1", "lname": "LN1", "age": 21, "station": 1, "latitude": 1, "longitude": 1}}, {"model": "mixtapeUser.mixtapeuser", "pk": 3, "fields": {"fname": "FN1", "lname": "LN1", "age": 21, "station": 1, "latitude": 1, "longitude": 1}}, {"model": "mixtapeUser.mixtapeuser", "pk": 4, "fields": {"fname": "FN2", "lname": "LN2", "age": 21, "station": 1, "latitude": 1, "longitude": 1}}, {"model": "mixtapeUser.mixtapeuser", "pk": 5, "fields": {"fname": "FN2", "lname": "LN2", "age": 21, "station": 1, "latitude": 1, "longitude": 1}}, {"model": "mixtapeUser.mixtapeuser", "pk": 6, "fields": {"fname": "FN_test_set_station", "lname": "LN_test_set_station", "age": 21, "station": 1, "latitude": 1, "longitude": 1}}, {"model": "mixtapeUser.mixtapeuser", "pk": 7, "fields": {"fname": "FN_test_set_station", "lname": "LN_test_set_station", "age": 21, "station": 3, "latitude": 1, "longitude": 1}}, {"model": "mixtapeUser.mixtapeuser", "pk": 8, "fields": {"fname": "FN_test_set_station2", "lname": "LN_test_set_station2", "age": 21, "station": 4, "latitude": 1, "longitude": 1}}, {"model": "mixtapeUser.mixtapeuser", "pk": 9, "fields": {"fname": "gTat1", "lname": "gTat1", "age": 1, "station": 1, "latitude": 1, "longitude": 1}}, {"model": "taste.taste", "pk": 1, "fields": {"points": 100, "genre": 6, "artiste": 1, "mixtapeUser": 3}}, {"model": "taste.taste", "pk": 2, "fields": {"points": 100, "genre": 6, "artiste": 2, "mixtapeUser": 3}}, {"model": "taste.taste", "pk": 3, "fields": {"points": 100, "genre": 6, "artiste": 3, "mixtapeUser": 3}}, {"model": "taste.taste", "pk": 4, "fields": {"points": 100, "genre": 6, "artiste": 1, "mixtapeUser": 4}}, {"model": "taste.taste", "pk": 5, "fields": {"points": 100, "genre": 6, "artiste": 2, "mixtapeUser": 4}}, {"model": "taste.taste", "pk": 6, "fields": {"points": 100, "genre": 6, "artiste": 3, "mixtapeUser": 4}}, {"model": "taste.taste", "pk": 7, "fields": {"points": 300, "genre": 1, "artiste": 4, "mixtapeUser": 4}}, {"model": "taste.taste", "pk": 8, "fields": {"points": 300, "genre": 2, "artiste": 4, "mixtapeUser": 4}}, {"model": "taste.taste", "pk": 9, "fields": {"points": 300, "genre": 3, "artiste": 4, "mixtapeUser": 4}}, {"model": "taste.taste", "pk": 10, "fields": {"points": -200, "genre": 4, "artiste": 4, "mixtapeUser": 4}}, {"model": "taste.taste", "pk": 11, "fields": {"points": -200, "genre": 5, "artiste": 4, "mixtapeUser": 4}}, {"model": "taste.taste", "pk": 12, "fields": {"points": 100, "genre": 6, "artiste": 1, "mixtapeUser": 5}}, {"model": "taste.taste", "pk": 13, "fields": {"points": 100, "genre": 6, "artiste": 2, "mixtapeUser": 5}}, {"model": "taste.taste", "pk": 14, "fields": {"points": 100, "genre": 6, "artiste": 3, "mixtapeUser": 5}}, {"model": "taste.taste", "pk": 15, "fields": {"points": 300, "genre": 1, "artiste": 4, "mixtapeUser": 5}}, {"model": "taste.taste", "pk": 16, "fields": {"points": 300, "genre": 2, "artiste": 4, "mixtapeUser": 5}}, {"model": "taste.taste", "pk": 17, "fields": {"points": 300, "genre": 3, "artiste": 4, "mixtapeUser": 5}}, {"model": "taste.taste", "pk": 18, "fields": {"points": -200, "genre": 4, "artiste": 4, "mixtapeUser": 5}}, {"model": "taste.taste", "pk": 19, "fields": {"points": -200, "genre": 5, "artiste": 4, "mixtapeUser": 5}}, {"model": "taste.taste", "pk": 20, "fields": {"points": 200, "genre": 1, "artiste": 4, "mixtapeUser": 9}}, {"model": "taste.taste", "pk": 21, "fields": {"points": 200, "genre": 2, "artiste": 4, "mixtapeUser": 9}}, {"model": "auth.permission", "pk": 1, "fields": {"name": "Can add log entry", "content_type": 1, "codename": "add_logentry"}}, {"model": "auth.permission", "pk": 2, "fields": {"name": "Can change log entry", "content_type": 1, "codename": "change_logentry"}}, {"model": "auth.permission", "pk": 3, "fields": {"name": "Can delete log entry", "content_type": 1, "codename": "delete_logentry"}}, {"model": "auth.permission", "pk": 4, "fields": {"name": "Can add permission", "content_type": 2, "codename": "add_permission"}}, {"model": "auth.permission", "pk": 5, "fields": {"name": "Can change permission", "content_type": 2, "codename": "change_permission"}}, {"model": "auth.permission", "pk": 6, "fields": {"name": "Can delete permission", "content_type": 2, "codename": "delete_permission"}}, {"model": "auth.permission", "pk": 7, "fields": {"name": "Can add group", "content_type": 3, "codename": "add_group"}}, {"model": "auth.permission", "pk": 8, "fields": {"name": "Can change group", "content_type": 3, "codename": "change_group"}}, {"model": "auth.permission", "pk": 9, "fields": {"name": "Can delete group", "content_type": 3, "codename": "delete_group"}}, {"model": "auth.permission", "pk": 10, "fields": {"name": "Can add user", "content_type": 4, "codename": "add_user"}}, {"model": "auth.permission", "pk": 11, "fields": {"name": "Can change user", "content_type": 4, "codename": "change_user"}}, {"model": "auth.permission", "pk": 12, "fields": {"name": "Can delete user", "content_type": 4, "codename": "delete_user"}}, {"model": "auth.permission", "pk": 13, "fields": {"name": "Can add content type", "content_type": 5, "codename": "add_contenttype"}}, {"model": "auth.permission", "pk": 14, "fields": {"name": "Can change content type", "content_type": 5, "codename": "change_contenttype"}}, {"model": "auth.permission", "pk": 15, "fields": {"name": "Can delete content type", "content_type": 5, "codename": "delete_contenttype"}}, {"model": "auth.permission", "pk": 16, "fields": {"name": "Can add session", "content_type": 6, "codename": "add_session"}}, {"model": "auth.permission", "pk": 17, "fields": {"name": "Can change session", "content_type": 6, "codename": "change_session"}}, {"model": "auth.permission", "pk": 18, "fields": {"name": "Can delete session", "content_type": 6, "codename": "delete_session"}}, {"model": "auth.permission", "pk": 19, "fields": {"name": "Can add station", "content_type": 7, "codename": "add_station"}}, {"model": "auth.permission", "pk": 20, "fields": {"name": "Can change station", "content_type": 7, "codename": "change_station"}}, {"model": "auth.permission", "pk": 21, "fields": {"name": "Can delete station", "content_type": 7, "codename": "delete_station"}}, {"model": "auth.permission", "pk": 22, "fields": {"name": "Can add genre", "content_type": 8, "codename": "add_genre"}}, {"model": "auth.permission", "pk": 23, "fields": {"name": "Can change genre", "content_type": 8, "codename": "change_genre"}}, {"model": "auth.permission", "pk": 24, "fields": {"name": "Can delete genre", "content_type": 8, "codename": "delete_genre"}}, {"model": "auth.permission", "pk": 25, "fields": {"name": "Can add artiste", "content_type": 9, "codename": "add_artiste"}}, {"model": "auth.permission", "pk": 26, "fields": {"name": "Can change artiste", "content_type": 9, "codename": "change_artiste"}}, {"model": "auth.permission", "pk": 27, "fields": {"name": "Can delete artiste", "content_type": 9, "codename": "delete_artiste"}}, {"model": "auth.permission", "pk": 28, "fields": {"name": "Can add mixtape user", "content_type": 10, "codename": "add_mixtapeuser"}}, {"model": "auth.permission", "pk": 29, "fields": {"name": "Can change mixtape user", "content_type": 10, "codename": "change_mixtapeuser"}}, {"model": "auth.permission", "pk": 30, "fields": {"name": "Can delete mixtape user", "content_type": 10, "codename": "delete_mixtapeuser"}}, {"model": "auth.permission", "pk": 31, "fields": {"name": "Can add taste", "content_type": 11, "codename": "add_taste"}}, {"model": "auth.permission", "pk": 32, "fields": {"name": "Can change taste", "content_type": 11, "codename": "change_taste"}}, {"model": "auth.permission", "pk": 33, "fields": {"name": "Can delete taste", "content_type": 11, "codename": "delete_taste"}}, {"model": "auth.user", "pk": 1, "fields": {"password": "pbkdf2_sha256$36000$pWHYacYA91OP$IOmbd2By3FdDLjXtM0qpHyoTylKYTPcZrHab5Sia8lA=", "last_login": "2017-04-17T18:22:03.700Z", "is_superuser": true, "username": "jacques", "first_name": "", "last_name": "", "email": "jacques.folleas@insa-lyon.fr", "is_staff": true, "is_active": true, "date_joined": "2017-04-17T18:21:34.626Z", "groups": [], "user_permissions": []}}, {"model": "admin.logentry", "pk": 1, "fields": {"action_time": "2017-04-23T15:18:39.675Z", "user": 1, "content_type": 8, "object_id": "1", "object_repr": "g1", "action_flag": 1, "change_message": "[{\"added\": {}}]"}}, {"model": "admin.logentry", "pk": 2, "fields": {"action_time": "2017-04-23T15:18:47.044Z", "user": 1, "content_type": 8, "object_id": "2", "object_repr": "g2", "action_flag": 1, "change_message": "[{\"added\": {}}]"}}, {"model": "admin.logentry", "pk": 3, "fields": {"action_time": "2017-04-23T15:18:50.967Z", "user": 1, "content_type": 8, "object_id": "3", "object_repr": "g3", "action_flag": 1, "change_message": "[{\"added\": {}}]"}}, {"model": "admin.logentry", "pk": 4, "fields": {"action_time": "2017-04-23T15:18:55.698Z", "user": 1, "content_type": 8, "object_id": "4", "object_repr": "g4", "action_flag": 1, "change_message": "[{\"added\": {}}]"}}, {"model": "admin.logentry", "pk": 5, "fields": {"action_time": "2017-04-23T15:19:02.932Z", "user": 1, "content_type": 8, "object_id": "5", "object_repr": "g5", "action_flag": 1, "change_message": "[{\"added\": {}}]"}}, {"model": "admin.logentry", "pk": 6, "fields": {"action_time": "2017-04-23T15:19:39.524Z", "user": 1, "content_type": 9, "object_id": "1", "object_repr": "aa", "action_flag": 1, "change_message": "[{\"added\": {}}]"}}, {"model": "admin.logentry", "pk": 7, "fields": {"action_time": "2017-04-23T15:19:47.790Z", "user": 1, "content_type": 9, "object_id": "2", "object_repr": "bb", "action_flag": 1, "change_message": "[{\"added\": {}}]"}}, {"model": "admin.logentry", "pk": 8, "fields": {"action_time": "2017-04-23T15:19:53.440Z", "user": 1, "content_type": 9, "object_id": "3", "object_repr": "cc", "action_flag": 1, "change_message": "[{\"added\": {}}]"}}, {"model": "admin.logentry", "pk": 9, "fields": {"action_time": "2017-04-23T15:22:30.693Z", "user": 1, "content_type": 8, "object_id": "6", "object_repr": "NULL", "action_flag": 1, "change_message": "[{\"added\": {}}]"}}, {"model": "admin.logentry", "pk": 10, "fields": {"action_time": "2017-04-23T15:22:47.397Z", "user": 1, "content_type": 7, "object_id": "1", "object_repr": "NULL", "action_flag": 1, "change_message": "[{\"added\": {}}]"}}, {"model": "admin.logentry", "pk": 11, "fields": {"action_time": "2017-04-23T15:23:01.496Z", "user": 1, "content_type": 9, "object_id": "4", "object_repr": "NULL", "action_flag": 1, "change_message": "[{\"added\": {}}]"}}, {"model": "admin.logentry", "pk": 12, "fields": {"action_time": "2017-05-01T09:30:06.273Z", "user": 1, "content_type": 10, "object_id": "9", "object_repr": "gTat1 gTat1", "action_flag": 1, "change_message": "[{\"added\": {}}]"}}, {"model": "admin.logentry", "pk": 13, "fields": {"action_time": "2017-05-01T09:30:37.995Z", "user": 1, "content_type": 11, "object_id": "20", "object_repr": "G-g1 : 200", "action_flag": 1, "change_message": "[{\"added\": {}}]"}}, {"model": "admin.logentry", "pk": 14, "fields": {"action_time": "2017-05-01T09:30:52.771Z", "user": 1, "content_type": 11, "object_id": "21", "object_repr": "G-g2 : 200", "action_flag": 1, "change_message": "[{\"added\": {}}]"}}]